<?xml version="1.0" encoding="UTF-8"?>
<beans xmlns="http://www.springframework.org/schema/beans"
	xmlns:xsi="http://www.w3.org/2001/XMLSchema-instance"
	xmlns:context="http://www.springframework.org/schema/context"
	xmlns:mvc="http://www.springframework.org/schema/mvc"
	xmlns:p="http://www.springframework.org/schema/p"
	xsi:schemaLocation="http://www.springframework.org/schema/beans http://www.springframework.org/schema/beans/spring-beans-3.2.xsd
		http://www.springframework.org/schema/context http://www.springframework.org/schema/context/spring-context-3.2.xsd
		http://www.springframework.org/schema/mvc http://www.springframework.org/schema/mvc/spring-mvc-3.2.xsd">

	<mvc:annotation-driven/>

	<context:component-scan base-package="com.kodb.controller"/>
	
	<bean class="org.springframework.web.servlet.view.InternalResourceViewResolver"
		p:prefix="/" p:suffix=".jsp"/>
		
	<!-- file upload에 필요함 -->
	<bean id="multipartResolver" class="org.springframework.web.multipart.commons.CommonsMultipartResolver"/>
	
	<bean id="simpleMappingExceptionResolver" 
		class="org.springframework.web.servlet.handler.SimpleMappingExceptionResolver">
		<property name="exceptionMappings">
			<map>
				<entry key="Exception" value="globalError"/>
			</map>
		</property>
		<!--  See note below on how this interacts with Spring Boot --> 
  		<property name="exceptionAttribute" value="exception" />
	</bean>
</beans>
