<?xml version="1.0" encoding="UTF-8"?>

<!DOCTYPE mapper
    PUBLIC "-//mybatis.org//DTD Mapper 3.0//EN"
    "http://mybatis.org/dtd/mybatis-3-mapper.dtd">
<mapper namespace="board">

	<resultMap type="Board" id="BoardResultMap">
		<id  property="postId"  column="post_id"/>
		<result property="userEmail" column="user_email" />
		<result property="postName" column="post_name" />
		<result property="postDate" column="post_date" />
		<result property="postContent" column="post_content" />
		<result property="postRecomm" column="post_recomm" />
		<result property="postPublic" column="post_public" />
		
	</resultMap>


	<insert id="insertBoard" parameterType="Board">
		INSERT INTO BLOG_POST 
		VALUES 
		( seq_blog_post_id.nextVal,#{userEmail}, #{postName}, SYSDATE, #{postContent}, null, #{postPublic})							
	</insert>
	
	<select id="selectBoard" parameterType="String" resultType="Board">
		select *
		from blog_post 
		where user_email = #{value}	
	</select>
	
	<select id="selectPostName" parameterType="String" resultType="Board">
	
	SELECT POST_NAME 
	FROM BLOG_POST 
	WHERE USER_EMAIL = #{value}	 AND POST_PUBLIC = 1 ORDER BY POST_ID;
	
	</select>	
	
	
</mapper>
	